category,state,lat,long,city_pop,is_anomaly,anomaly_score,decision_score,raw_score,severity
-0.3745489640143019,-1.1046829035237555,-3.8226515822236933,-2.3373116628795816,0.2114029023099236,1,1.0,-0.13779306071573494,-0.6377930607157349,critique
1.7759714035319287,1.5243866138676867,0.8475516225003201,-0.13138884067376294,1.5611275923327008,1,0.792937280519342,-0.08933701784892123,-0.5893370178489212,moyen
1.7759714035319287,-1.2467947693286985,-2.470088869179294,0.6177846299064828,2.0881264565053788,1,0.7881070518729405,-0.08820666581387804,-0.588206665813878,moyen
1.7759714035319287,-1.3889066351336412,0.027577035758503458,0.9754690004673067,2.0881264565053788,1,0.778579328460694,-0.08597702362988224,-0.5859770236298822,moyen
-0.3745489640143019,1.1691069493553297,-2.3079117700319784,-0.8630732670744033,1.9988253145192825,1,0.750097079378994,-0.07931171426899053,-0.5793117142689905,moyen
0.7007112197588135,-1.6020744338410555,-0.3077207541724831,-1.717198450031133,2.0881264565053788,1,0.7423009594853549,-0.07748729546145006,-0.5774872954614501,moyen
-0.3745489640143019,1.4533306809652153,1.9359397016861315,-1.7321917801650155,-1.6243888012036118,1,0.7240192704809807,-0.07320908300342976,-0.5732090830034298,moyen
-1.449809147787417,-1.8152422325484698,-1.4814362415173539,0.027790311967888205,-0.08053571276220711,1,0.718242690536717,-0.07185726937852965,-0.5718572693785297,moyen
0.9695262657020922,-1.5310185009385842,0.15468165593716718,-1.1306329839530642,2.0881264565053788,1,0.7080557631771442,-0.06947336275325866,-0.5694733627532587,moyen
-1.1809941018441383,1.1691069493553297,-1.2371108781500302,-0.7098672625035878,2.0881264565053788,1,0.7003655611479574,-0.06767373044805491,-0.5676737304480549,moyen
1.7759714035319287,0.5296035532330869,0.3932193470051896,1.3809351186453662,2.0881264565053788,1,0.6849060162015167,-0.06405594558313554,-0.5640559455831355,faible
-0.9121790559008596,-1.6020744338410555,-1.0038921394415765,-1.6188372352165687,1.552325845467109,1,0.6755535845337484,-0.06186732451731081,-0.5618673245173108,faible
-0.3745489640143019,1.4533306809652153,2.0475765638536343,-1.6146712155427632,-1.3715059826467446,1,0.6624161384154237,-0.05879294853178019,-0.5587929485317802,faible
-0.3745489640143019,-1.2467947693286985,-2.592628564727523,0.4489849735167132,2.045886837877947,1,0.6551974134906032,-0.05710364953446112,-0.5571036495344611,faible
-1.449809147787417,-0.9625710377188128,0.6807484613391267,-1.4197885319687544,0.13838312794285668,1,0.6438322173443872,-0.05444400885635137,-0.5544440088563514,faible
0.7007112197588135,1.240162882257801,0.03250878468959664,-1.321608039130651,-1.8990517857006042,1,0.6277583696066605,-0.050682467150691135,-0.5506824671506911,faible
0.9695262657020922,-0.6072913732064557,-1.718730805788696,-0.3502375309161846,2.0881264565053788,1,0.6246264536002005,-0.049949547885238976,-0.549949547885239,faible
1.50715635758865,-0.32306764159657003,1.530007854750296,-0.03655983307826951,-1.4094104069127416,1,0.6173710191543077,-0.04825165826315092,-0.5482516582631509,faible
-0.9121790559008596,-1.8152422325484698,-0.8276942003579254,0.005033027849599977,1.8765767054738667,1,0.5836566793164764,-0.04036195459990466,-0.5403619545999047,faible
-0.9121790559008596,-1.2467947693286985,-2.466298351405808,0.6014698572888496,0.9815528422020937,1,0.5658994167132747,-0.03620646644609249,-0.5362064664460925,faible
1.7759714035319287,1.1691069493553297,-1.4027524290258002,-0.8345314451369066,-0.24391780671918128,1,0.5644173874730862,-0.035859647508465486,-0.5358596475084655,faible
-0.3745489640143019,-1.2467947693286985,-2.2520118224369687,0.35075781966787495,2.0881264565053788,1,0.5635210258965394,-0.03564988432614924,-0.5356498843261492,faible
0.7007112197588135,-1.6020744338410555,0.3844359429171654,-1.7812026952317892,-1.0926687198480478,1,0.5605140928734798,-0.03494621311083601,-0.534946213110836,faible
1.7759714035319287,-1.6731303667435269,-0.7304042441717872,-1.408612475458223,-0.6338508697324021,1,0.5581321567100411,-0.03438880132212252,-0.5343888013221225,faible
1.7759714035319287,-1.6020744338410555,0.5649338779696627,-1.7370178935321758,-0.7489511274623225,1,0.5495571067858476,-0.03238210022327692,-0.5323821002232769,faible
-1.449809147787417,1.3112188151602724,-0.3164430208770635,0.9427851097141037,1.0659811439647482,1,0.5490318767856948,-0.03225918786384219,-0.5322591878638422,faible
1.50715635758865,1.6664984796726297,0.8486724745301154,-1.2935851728490606,-0.2825507580358719,1,0.5449144872887967,-0.031295651779406186,-0.5312956517794062,faible
1.50715635758865,0.7427713519405011,0.8120308027197518,-1.7868928283608974,-1.20155316608645,1,0.5348863459291258,-0.02894890365971836,-0.5289489036597184,faible
0.9695262657020922,1.6664984796726297,0.8511994863791058,-1.3750223618181245,-0.8503898973404347,1,0.5348187703135584,-0.02893308986700427,-0.5289330898670043,faible
1.7759714035319287,-0.32306764159657003,1.5340633011853695,-0.1135038675489237,-0.49170267613827073,1,0.5288965209521838,-0.027547187230148706,-0.5275471872301487,faible
-0.9121790559008596,-0.39412357449904145,1.0632035530327266,1.9960474750120047,0.023199415864438546,1,0.5136540122303621,-0.02398019237045179,-0.5239801923704518,faible
1.50715635758865,-0.5362354403039843,0.7063854041296935,1.6804032588920665,0.20831775698702373,1,0.5134968989003664,-0.023943425296821585,-0.5239434252968216,faible
0.9695262657020922,1.3112188151602724,-0.0855271236116413,0.6904105021137463,-1.5558262623624362,1,0.5134482105957239,-0.023932031441941337,-0.5239320314419413,faible
1.50715635758865,-1.6020744338410555,-0.21664643196974978,-1.6405788262785972,-0.7162541157236064,1,0.5086911454171236,-0.022818800847884457,-0.5228188008478845,faible
1.7759714035319287,0.3874916874281441,-1.2025274982489251,-1.1663768268570047,-0.5569905041329855,1,0.5056243639621145,-0.022101124126455374,-0.5221011241264554,faible
-0.9121790559008596,-1.7441862996459983,-0.6652114142933934,-0.3718727023498544,-1.504308204315316,1,0.5005428471478378,-0.02091196657458605,-0.520911966574586,faible
-0.9121790559008596,1.6664984796726297,0.7926706312960323,-1.1171463110891027,-1.1540746024783775,1,0.4886137149106144,-0.018120355682482492,-0.5181203556824825,faible
-0.9121790559008596,1.240162882257801,0.03250878468959664,-1.321608039130651,-1.8990517857006042,1,0.4870580130917108,-0.01775629616363794,-0.5177562961636379,faible
-0.3745489640143019,-1.2467947693286985,-2.466298351405808,0.6014698572888496,0.9815528422020937,1,0.4837724557231833,-0.016987422321499412,-0.5169874223214994,faible
1.50715635758865,1.595442546770158,0.10825800277587189,0.8791962933833158,-0.21113597704153883,1,0.4767790530291635,-0.01535085238956646,-0.5153508523895665,faible
-0.9121790559008596,-0.32306764159657003,1.4091188685550358,0.188455814592743,-1.574383522402969,1,0.4694828190366166,-0.013643415010226034,-0.513643415010226,faible
1.50715635758865,0.7427713519405011,1.0020661695894066,-1.7358202491422368,-0.7428286141203726,1,0.4668867256841644,-0.013035886957430298,-0.5130358869574303,faible
1.7759714035319287,-1.1757388364262271,-1.4655609009499049,0.4025689049677304,-0.3811674763790181,1,0.46195567162487516,-0.01188194013651156,-0.5118819401365116,faible
-0.9121790559008596,1.382274748062744,1.1196741162065416,1.5034066946021898,0.17896669938160215,1,0.45043569154283325,-0.00918607750087952,-0.5091860775008795,faible
1.7759714035319287,-1.1757388364262271,-1.6021214364344694,0.16216749642593611,-0.3364390722928767,1,0.44542428881315144,-0.00801332778474817,-0.5080133277847482,faible
1.50715635758865,0.9559391506479155,-1.1159365841653683,0.49649895716593323,0.21465230673885424,1,0.44422777056346086,-0.007733323060849284,-0.5077333230608493,faible
-0.3745489640143019,-0.5362354403039843,0.7922630487397445,1.796436277258294,1.2435545408602977,1,0.44355582438492724,-0.0075760767303032495,-0.5075760767303032,faible
-0.9121790559008596,0.7427713519405011,1.4241994231377213,-1.6232556993082707,-0.38877874578690036,1,0.4378526132941657,-0.006241432609982778,-0.5062414326099828,faible
1.50715635758865,1.1691069493553297,-1.1745061975040694,-0.8873251034011586,-0.5406205285562973,1,0.4324434613044424,-0.004975603100235482,-0.5049756031002355,faible
-0.3745489640143019,-0.03884390998668439,1.923243505057735,-1.440420675962264,-0.6435233568465822,1,0.4298290768417244,-0.0043637946302533814,-0.5043637946302534,faible
