PC1,PC2,cluster
-0.3985211155463913,0.1521196020089565,5
2.8066975228244537,-1.0998724334908252,6
-0.11716666717518762,-0.8025342821181388,1
1.0761074506878625,-0.7767716170844206,1
1.4434567165240415,-0.0955065696554679,2
0.7963366786471332,1.4141870489962696,0
-0.48196876636414304,-0.7755949547146043,1
0.5856188744609799,1.4932574092270585,0
0.7897021623198889,0.3106569729899231,2
-0.6733328166853125,1.297227174280907,3
-0.4986171646911921,-0.48331087135096207,1
0.9885227924204707,0.6145018635689353,2
-3.2313038041912185,0.833135096898145,9
-0.10876987102049362,-2.0481247674963043,1
-0.4101467396384151,-1.6209478736973646,5
0.34266482745916893,0.7267763835364226,2
0.21633765654102413,-0.8142283845404001,5
-0.5526043787322422,-0.8663526264535018,8
0.9930854524651346,1.1358001479983364,0
-0.42353648793803383,2.037376279279209,4
-0.33948212916266546,1.871180531383856,4
-0.028706248801664537,-0.5982115586914812,1
-0.28638481890981826,1.9858613009867707,4
-0.29004800328195196,-0.9589280704835683,5
0.4503332583468824,0.6391080342824639,2
-0.578362532574643,0.5376236423359608,2
-0.2516983093517711,0.7554924607479692,4
1.801378198905389,-1.0990984869704215,6
-3.292787935104895,-2.040579468506491,7
0.45895249065053856,-1.1078236294972745,8
1.3275471786940576,-1.8133972824066797,6
0.10317725219200741,0.45904546827853726,0
1.036338075963989,-0.9568386900233374,8
-2.621849370909538,0.1261518990280033,9
-1.8570750981828026,0.6218409548703342,9
-0.10889381089953007,-0.34358370390805804,1
0.0030279911309048653,1.905440593562164,4
-1.4607200843185302,-0.2191464799239596,5
-0.22879939629084362,2.3321240870655386,4
0.5951778177625658,1.4730100782998155,0
0.35486447523694825,-1.0940351015329466,1
0.6972476641176283,1.0018906410714674,2
1.6717966323648465,-1.122092078336445,6
-0.4926820916954057,-0.8649833731660779,1
1.4264386276007541,0.5398712597234714,0
-2.0018514176165745,0.7653927001629081,3
-1.656798956156855,-0.22025051166637447,7
2.863368674220378,-1.31103313644986,6
0.2635177200878497,-1.4245059013224037,8
-0.6228285482298375,-0.3148504705324491,7
-1.1229520929439316,-1.0895858655517794,7
0.22272522356965155,-0.56255426632007,6
1.6486337038087748,-0.36415264881160553,1
-1.301634268470293,1.2342890100974497,3
-1.8626467115124195,-0.28775174565961187,7
0.18181954721296845,1.0408922760537567,2
1.5191324888611266,-0.7396881153015495,6
-0.331120863117255,0.8793600672466775,4
0.09764651854035535,-0.7046524910229596,1
1.6075166803772705,-1.6584225890452866,6
-1.4394947350172025,-0.9619627364635973,5
1.0016864367987628,-0.06343335317592932,1
-1.0486041128860835,1.5734885787127169,4
0.5937461469873367,1.6763344081430638,4
1.5628522356539656,-1.164123774711699,6
-2.242831932805873,-1.0764166752192865,9
1.536494572908433,-1.2489850259349558,8
-0.2504564579713584,-0.630158952713958,5
0.37680353871740074,-1.0977970507229784,8
0.06825955618132509,-2.0409165084086447,8
1.157119402514139,0.5081867281031898,0
-3.431260736792149,0.8699426196549849,9
-0.5266264505598408,-1.3371758944198724,7
-1.1406469313478866,-2.550133712261328,8
0.012574535336826178,-0.6181314014224044,1
1.4783104440083485,-0.9478355308237593,6
1.1051998444864854,0.12456855897373444,2
-1.5624047825740017,-1.1219970035070168,5
-0.31027850884210223,1.9207711693498135,4
0.9886786586148477,-0.8361982451059355,1
1.5308315085913136,0.4207124301568339,0
1.2949290933794468,0.22693507093413565,0
-1.8890411981758681,-0.6923232878376583,9
1.4584777789927648,2.0281516558906705,0
0.31000556742027185,-0.5450585310197014,1
1.1472067974923397,-0.2831099405955886,1
0.29812081941690427,-0.1454967340321577,6
1.5308315085913136,0.4207124301568339,0
0.6979353990120738,0.7962146523429667,0
0.06917674706431669,0.7445212240397466,0
-0.024068958085113983,1.9543415834000417,4
-2.351136784742689,-0.7538730606946541,7
-0.6112907348114478,1.0633934823719877,4
-0.33995144556613155,1.5389192087294028,4
0.7443613675651244,-1.1350078124432472,6
-0.13439548075435997,-1.1250334969145155,8
0.056132750813321274,-0.4214136918073822,1
-0.7515967790142261,0.6626513905343057,3
-2.774468912186808,0.47927817945981177,7
-1.595868783147038,-0.8375431176926922,7
-2.753042261524283,0.6580550163627589,7
1.0146870324415749,0.5401848094845455,0
0.8806414686326138,0.21361507073893746,2
2.0085905989767068,-0.43249226978658306,6
0.5474585315290359,1.043316898852886,2
-0.5983266759853032,1.6189991357938354,2
1.3649051382251038,-0.5308036412807388,1
0.5422367673412652,0.7444995047697217,2
-0.7162560416833674,-2.621700752820678,8
1.4443320224094691,-2.077590927593469,6
0.7912881250181383,-1.2348583502520811,6
-1.8289724178836744,-0.24865456557097065,7
0.07657216466805952,0.6635169194868953,2
1.3271331296681634,-1.222865981734698,6
0.6254992489146654,1.3182885748992976,0
1.1122745734274917,0.47159859232869283,0
-0.0026423074225887353,2.133118420302989,4
0.13757112183760492,-0.17822115640554498,0
-1.139947478229074,0.6929252431749956,4
1.5749796527971291,0.778301829636534,0
-0.4879038393599294,-0.39392245289948846,1
-1.0020127796663538,0.02792087943731659,7
0.09171343031171032,-1.0974562444699754,8
-1.3174724645572646,-1.1313025953401858,5
1.2488172459725855,0.9737913285893133,0
0.09764651854035535,-0.7046524910229596,1
1.2702438966351108,1.1525681654922606,0
0.6117384835166118,1.5796474095617277,0
0.581615262963051,1.059268613384067,0
-0.941580965524499,0.6625427297035933,4
-0.08960341855041336,-2.609603349014285,8
-3.4522614683188113,0.3034685662044026,9
0.9863077969866736,1.0691392844079268,2
0.19592516360419435,1.3014636874102343,0
-1.5387699283266538,-0.8166378215579706,7
1.2488172459725855,0.9737913285893133,0
0.11728723818256104,2.1228993328535064,4
-0.28698194952910117,-0.09485029761022848,1
-0.39983055089943553,-1.3469932273325465,8
-0.3980668071027278,0.25674036764860425,5
-0.19447647367059484,-2.763232115108093,8
0.43768788086623384,1.0784920826427116,0
-0.47125544103288036,-0.6862065362631307,1
-1.0506085909014942,-0.50946340091492,7
0.028444415213989965,-1.039642339617021,5
1.0006735599968037,1.3337558730402646,0
-2.4612948744193797,0.5173011741662487,9
0.46878307285172505,1.0642718319238904,0
1.1859278086797564,0.5849649377812969,2
0.7803172986587915,1.5235021366528982,0
